n01704323_10031.JPEG,8493305344-8493510378
n01704323_10050.JPEG,8558470144-8558611323
n01704323_10064.JPEG,8523576320-8523784775
n01704323_10065.JPEG,8585895936-8585983563
n01704323_1007.JPEG,8587146752-8587158698
n01704323_10075.JPEG,8525709312-8525790936
n01704323_10097.JPEG,8497637888-8497680232
n01704323_1010.JPEG,8451799040-8451934914
n01704323_1011.JPEG,8550604288-8550786785
n01704323_10110.JPEG,8551418880-8551539052
n01704323_10164.JPEG,8521675776-8521761434
n01704323_10178.JPEG,8532134400-8532287757
n01704323_10198.JPEG,8563911680-8564072105
n01704323_10237.JPEG,8588691456-8588696100
n01704323_10239.JPEG,8561809920-8562009254
n01704323_10249.JPEG,8571683840-8571788713
n01704323_10261.JPEG,8530013696-8530060136
n01704323_10264.JPEG,8465432576-8465586230
n01704323_10302.JPEG,8587561472-8587577054
n01704323_10316.JPEG,8562937344-8563084087
n01704323_1041.JPEG,8496737280-8496894367
n01704323_10422.JPEG,8522869760-8522895976
n01704323_10437.JPEG,8588107776-8588126445
n01704323_10442.JPEG,8588520960-8588525554
n01704323_1046.JPEG,8587437056-8587452202
n01704323_10486.JPEG,8482736128-8482851455
n01704323_10597.JPEG,8566251008-8566373584
n01704323_1061.JPEG,8588736000-8588740848
n01704323_10642.JPEG,8583676416-8583822516
n01704323_10668.JPEG,8476701184-8476871627
n01704323_10697.JPEG,8579563008-8579726344
n01704323_1070.JPEG,8495647744-8495783846
n01704323_10791.JPEG,8579855360-8579987149
n01704323_10810.JPEG,8476587520-8476700384
n01704323_1083.JPEG,8588824064-8588827157
n01704323_10845.JPEG,8574422528-8574560359
n01704323_1103.JPEG,8431826432-8431869509
n01704323_11304.JPEG,8583291904-8583433459
n01704323_1136.JPEG,8436718080-8436908505
n01704323_1139.JPEG,8430894592-8431118610
n01704323_1143.JPEG,8541675520-8541831644
n01704323_1152.JPEG,8495784448-8495836869
n01704323_1177.JPEG,8427679744-8427965280
n01704323_1182.JPEG,8435033600-8435176516
n01704323_11940.JPEG,8569465856-8569642125
n01704323_1197.JPEG,8560409088-8560526189
n01704323_1198.JPEG,8588473856-8588480035
n01704323_120.JPEG,8561090560-8561148654
n01704323_1200.JPEG,8547615744-8547754644
n01704323_12134.JPEG,8571789312-8571919116
n01704323_1214.JPEG,8529521664-8529647110
n01704323_1231.JPEG,8584793600-8584943074
n01704323_1255.JPEG,8452992512-8453175591
n01704323_1258.JPEG,8587658240-8587668725
n01704323_1260.JPEG,8460170240-8460319186
n01704323_12836.JPEG,8578580992-8578763552
n01704323_1285.JPEG,8436909056-8437043804
n01704323_12957.JPEG,8568498176-8568624353
n01704323_1299.JPEG,8586212352-8586252070
n01704323_13.JPEG,8483445248-8483588155
n01704323_1313.JPEG,8447445504-8447584669
n01704323_1332.JPEG,8570727424-8570852270
n01704323_1336.JPEG,8521553920-8521674933
n01704323_13423.JPEG,8581958656-8582175016
n01704323_13645.JPEG,8471059456-8471168520
n01704323_1380.JPEG,8442256896-8442422864
n01704323_1387.JPEG,8587537408-8587560561
n01704323_1388.JPEG,8547755520-8547877828
n01704323_1392.JPEG,8455172608-8455309325
n01704323_1396.JPEG,8526779392-8526814008
n01704323_1403.JPEG,8481658368-8481736745
n01704323_1410.JPEG,8586143232-8586174461
n01704323_1414.JPEG,8534614016-8534687849
n01704323_14180.JPEG,8566374400-8566475782
n01704323_1431.JPEG,8483589120-8483651736
n01704323_1456.JPEG,8558723584-8558979937
n01704323_14600.JPEG,8587782656-8587835944
n01704323_14750.JPEG,8572938240-8573098433
n01704323_1478.JPEG,8551539712-8551717237
n01704323_1486.JPEG,8585802240-8585832433
n01704323_14860.JPEG,8576388096-8576474451
n01704323_1489.JPEG,8464792576-8464918563
n01704323_149.JPEG,8448184320-8448331440
n01704323_14930.JPEG,8562445824-8562594324
n01704323_15032.JPEG,8564072960-8564173847
n01704323_1507.JPEG,8434211328-8434382027
n01704323_15175.JPEG,8566125568-8566250091
n01704323_1521.JPEG,8437044736-8437202202
n01704323_1527.JPEG,8538907648-8539030095
n01704323_1528.JPEG,8529448448-8529520706
n01704323_15307.JPEG,8486534656-8486633995
n01704323_1532.JPEG,8517139456-8517640102
n01704323_15462.JPEG,8489083392-8489180119
n01704323_1556.JPEG,8454014976-8454204548
n01704323_1560.JPEG,8551942144-8552067253
n01704323_1562.JPEG,8588844544-8588846806
n01704323_15623.JPEG,8573874176-8574061236
n01704323_1576.JPEG,8494370304-8494496619
n01704323_1578.JPEG,8577854464-8578017110
n01704323_1582.JPEG,8483208192-8483354910
n01704323_1593.JPEG,8586747392-8586765308
n01704323_15957.JPEG,8574909440-8575093688
n01704323_16058.JPEG,8577038336-8577151195
n01704323_1632.JPEG,8431277568-8431411509
n01704323_1638.JPEG,8586518528-8586543029
n01704323_1660.JPEG,8584413184-8584443681
n01704323_1666.JPEG,8534688768-8534733313
n01704323_16675.JPEG,8579149312-8579251715
n01704323_1668.JPEG,8476957184-8477062774
n01704323_16701.JPEG,8568625152-8568753820
n01704323_1675.JPEG,8569173504-8569258887
n01704323_168.JPEG,8550485504-8550603413
n01704323_1697.JPEG,8508430336-8510832097
n01704323_1720.JPEG,8539031040-8539197209
n01704323_1731.JPEG,8561149440-8561254732
n01704323_1762.JPEG,8481149952-8481250079
n01704323_1766.JPEG,8557681664-8557856117
n01704323_17816.JPEG,8578017792-8578148798
n01704323_1798.JPEG,8474049024-8474260092
n01704323_18028.JPEG,8565416960-8565557768
n01704323_181.JPEG,8491740672-8491880789
n01704323_182.JPEG,8575886848-8576014779
n01704323_1827.JPEG,8544851968-8545037193
n01704323_183.JPEG,8432784384-8433018440
n01704323_18318.JPEG,8566476800-8566576940
n01704323_1832.JPEG,8479920640-8480055442
n01704323_1841.JPEG,8586252800-8586276904
n01704323_18426.JPEG,8568028160-8568181190
n01704323_1855.JPEG,8588707840-8588713490
n01704323_1862.JPEG,8531032064-8531197301
n01704323_18658.JPEG,8587836928-8587860683
n01704323_1874.JPEG,8440048128-8440213170
n01704323_1878.JPEG,8446447616-8446589600
n01704323_18837.JPEG,8456106496-8456267918
n01704323_1886.JPEG,8497146880-8497230845
n01704323_18876.JPEG,8490524672-8490706831
n01704323_1891.JPEG,8551717888-8551830929
n01704323_1897.JPEG,8586947584-8586986406
n01704323_19263.JPEG,8576475136-8576640376
n01704323_194.JPEG,8537845760-8537979776
n01704323_1947.JPEG,8512868352-8513071853
n01704323_19527.JPEG,8478609920-8478775664
n01704323_19667.JPEG,8587607040-8587657512
n01704323_19689.JPEG,8579987968-8580159897
n01704323_19771.JPEG,8574062080-8574179274
n01704323_1994.JPEG,8587964416-8587991422
n01704323_20007.JPEG,8482426368-8482534288
n01704323_2012.JPEG,8533317120-8533443412
n01704323_20156.JPEG,8473417728-8473642457
n01704323_206.JPEG,8486028800-8486180822
n01704323_2063.JPEG,8536883200-8537057882
n01704323_2064.JPEG,8539824640-8539968081
n01704323_2070.JPEG,8545037824-8545160527
n01704323_2075.JPEG,8548069888-8548213787
n01704323_2094.JPEG,8472281088-8472462474
n01704323_21.JPEG,8443697152-8443873128
n01704323_2121.JPEG,8494632960-8494775805
n01704323_2143.JPEG,8584329216-8584373089
n01704323_2151.JPEG,8543704064-8543813211
n01704323_2196.JPEG,8516737024-8517138684
n01704323_2203.JPEG,8460372992-8460490333
n01704323_22044.JPEG,8568754688-8568839740
n01704323_2210.JPEG,8464919552-8465026001
n01704323_22230.JPEG,8471898624-8472010889
n01704323_2255.JPEG,8541849600-8541986418
n01704323_2272.JPEG,8486765568-8486941816
n01704323_2283.JPEG,8458201600-8458354594
n01704323_22907.JPEG,8480330240-8480434952
n01704323_2340.JPEG,8539969024-8540161232
n01704323_2352.JPEG,8451935744-8452149078
n01704323_2360.JPEG,8455310336-8455441191
n01704323_23707.JPEG,8563339264-8563511815
n01704323_23862.JPEG,8439830528-8439962669
n01704323_2389.JPEG,8585385472-8585553172
n01704323_2399.JPEG,8491881472-8492017052
n01704323_24146.JPEG,8566577664-8566677025
n01704323_2435.JPEG,8534734336-8534868093
n01704323_2559.JPEG,8587336704-8587360383
n01704323_2566.JPEG,8588589568-8588593516
n01704323_25960.JPEG,8480705024-8480866275
n01704323_265.JPEG,8456308736-8456471928
n01704323_26552.JPEG,8564366336-8564438709
n01704323_2710.JPEG,8588697088-8588701578
n01704323_2717.JPEG,8552285184-8552409456
n01704323_27407.JPEG,8566818304-8566938360
n01704323_2771.JPEG,8470284288-8470442928
n01704323_2794.JPEG,8522641920-8522695075
n01704323_27955.JPEG,8583823360-8583901769
n01704323_2798.JPEG,8583259648-8583291032
n01704323_28065.JPEG,8488078848-8488156958
n01704323_28089.JPEG,8475055104-8475158836
n01704323_2832.JPEG,8567611392-8567811604
n01704323_2835.JPEG,8584444416-8584479186
n01704323_28538.JPEG,8575094272-8575286111
n01704323_2873.JPEG,8588062208-8588075652
n01704323_2925.JPEG,8576015360-8576120953
n01704323_29282.JPEG,8580554240-8580675745
n01704323_2956.JPEG,8588870144-8588872240
n01704323_2980.JPEG,8517640704-8517881772
n01704323_3004.JPEG,8506067968-8508429609
n01704323_30043.JPEG,8568840704-8568925037
n01704323_309.JPEG,8519670272-8520106370
n01704323_3107.JPEG,8437381120-8437533905
n01704323_312.JPEG,8584105472-8584141050
n01704323_3167.JPEG,8450243584-8450464138
n01704323_3173.JPEG,8588714496-8588718491
n01704323_3207.JPEG,8553591296-8553759915
n01704323_321.JPEG,8526389248-8526627585
n01704323_3219.JPEG,8577661952-8577721263
n01704323_3221.JPEG,8533444096-8533594024
n01704323_3238.JPEG,8442423808-8442543894
n01704323_3252.JPEG,8448543744-8448723122
n01704323_333.JPEG,8449953792-8450104749
n01704323_3420.JPEG,8529248768-8529428288
n01704323_3438.JPEG,8467306496-8467431083
n01704323_344.JPEG,8572056064-8572197623
n01704323_3468.JPEG,8537980416-8538178547
n01704323_347.JPEG,8587513344-8587528765
n01704323_35.JPEG,8456268800-8456308049
n01704323_3517.JPEG,8529794048-8529823103
n01704323_3527.JPEG,8549412864-8549565520
n01704323_3535.JPEG,8474851840-8475054172
n01704323_3558.JPEG,8532539904-8532663368
n01704323_3567.JPEG,8583528960-8583675589
n01704323_3601.JPEG,8450464768-8450666558
n01704323_3616.JPEG,8454205440-8454382745
n01704323_3638.JPEG,8430296576-8430513692
n01704323_3654.JPEG,8470443520-8470612050
n01704323_3671.JPEG,8526121472-8526388669
n01704323_372.JPEG,8557382144-8557565351
n01704323_3727.JPEG,8522695680-8522800159
n01704323_3729.JPEG,8458734592-8458889621
n01704323_3754.JPEG,8531489792-8531548484
n01704323_3794.JPEG,8543814144-8543850200
n01704323_3810.JPEG,8581623808-8581676755
n01704323_3841.JPEG,8586852352-8586911861
n01704323_3889.JPEG,8588841472-8588843977
n01704323_3896.JPEG,8494928384-8495066311
n01704323_390.JPEG,8518333952-8518429026
n01704323_391.JPEG,8584069632-8584104633
n01704323_3928.JPEG,8581536256-8581565052
n01704323_3949.JPEG,8588174848-8588199792
n01704323_3959.JPEG,8461744640-8461888593
n01704323_4019.JPEG,8485440512-8485579230
n01704323_4026.JPEG,8548214784-8548300576
n01704323_4031.JPEG,8495837696-8495896380
n01704323_4033.JPEG,8560693760-8560863178
n01704323_4047.JPEG,8463060480-8463251973
n01704323_4098.JPEG,8440214016-8440371499
n01704323_4120.JPEG,8522571776-8522641086
n01704323_4144.JPEG,8543851008-8543993156
n01704323_4149.JPEG,8449470464-8449512589
n01704323_415.JPEG,8451526144-8451682107
n01704323_4150.JPEG,8588677120-8588682369
n01704323_4155.JPEG,8428489216-8428592189
n01704323_4168.JPEG,8553273856-8553406507
n01704323_4190.JPEG,8492655616-8492826332
n01704323_4191.JPEG,8468653056-8468878098
n01704323_4195.JPEG,8434382848-8434584460
n01704323_4210.JPEG,8539280896-8539410937
n01704323_4225.JPEG,8501857280-8503987214
n01704323_4244.JPEG,8581501440-8581535295
n01704323_4265.JPEG,8570852864-8571046240
n01704323_4307.JPEG,8553760768-8553860731
n01704323_4345.JPEG,8533750272-8533864151
n01704323_4383.JPEG,8587418624-8587436347
n01704323_44.JPEG,8560323584-8560395837
n01704323_4419.JPEG,8488206848-8488380196
n01704323_4445.JPEG,8463252992-8463378777
n01704323_4457.JPEG,8588639744-8588641962
n01704323_4463.JPEG,8433189888-8433397019
n01704323_4485.JPEG,8521245184-8521296815
n01704323_4492.JPEG,8440372224-8440485269
n01704323_45.JPEG,8464194048-8464322353
n01704323_4523.JPEG,8446772736-8446919478
n01704323_4546.JPEG,8588741632-8588746047
n01704323_4557.JPEG,8468878848-8468971539
n01704323_4564.JPEG,8437666816-8437829170
n01704323_4572.JPEG,8539411456-8539544405
n01704323_4594.JPEG,8585131520-8585161791
n01704323_46.JPEG,8588746752-8588750436
n01704323_4620.JPEG,8584141824-8584191559
n01704323_4640.JPEG,8499905536-8501856543
n01704323_4664.JPEG,8588360192-8588369151
n01704323_4678.JPEG,8497527808-8497577881
n01704323_469.JPEG,8523163648-8523214201
n01704323_4705.JPEG,8452327424-8452486534
n01704323_4727.JPEG,8553100800-8553273208
n01704323_4736.JPEG,8492017664-8492135529
n01704323_4744.JPEG,8433397760-8433534976
n01704323_4768.JPEG,8563512832-8563665188
n01704323_4774.JPEG,8584943616-8584987690
n01704323_4787.JPEG,8587761152-8587782124
n01704323_4789.JPEG,8471551488-8471718068
n01704323_4794.JPEG,8488816640-8488904661
n01704323_480.JPEG,8588085248-8588107019
n01704323_4812.JPEG,8465026560-8465175640
n01704323_4825.JPEG,8532664320-8532773242
n01704323_4829.JPEG,8588036608-8588061689
n01704323_4836.JPEG,8518521856-8518628841
n01704323_4838.JPEG,8429130752-8429357250
n01704323_4878.JPEG,8550052352-8550216508
n01704323_4885.JPEG,8552410112-8552567842
n01704323_4909.JPEG,8581052928-8581180779
n01704323_4912.JPEG,8533864960-8534021744
n01704323_495.JPEG,8443873792-8444096475
n01704323_4989.JPEG,8545349120-8545529100
n01704323_5020.JPEG,8517964288-8518084453
n01704323_5023.JPEG,8587384320-8587410296
n01704323_503.JPEG,8520958464-8521021731
n01704323_5057.JPEG,8521181184-8521244161
n01704323_508.JPEG,8584634880-8584713727
n01704323_5109.JPEG,8545926656-8546119006
n01704323_5110.JPEG,8570446848-8570593423
n01704323_5120.JPEG,8525414400-8525668282
n01704323_5145.JPEG,8516012544-8516094024
n01704323_5156.JPEG,8587125760-8587146228
n01704323_5203.JPEG,8588526080-8588532732
n01704323_5296.JPEG,8572198400-8572394603
n01704323_5324.JPEG,8466119168-8466307448
n01704323_5339.JPEG,8519139840-8519669470
n01704323_5355.JPEG,8565215232-8565323674
n01704323_5389.JPEG,8442829824-8442964976
n01704323_5398.JPEG,8477865472-8477945756
n01704323_541.JPEG,8523026432-8523106962
n01704323_5414.JPEG,8550924288-8551118207
n01704323_5441.JPEG,8433535488-8433677839
n01704323_5449.JPEG,8535411200-8535546947
n01704323_5472.JPEG,8588290560-8588307556
n01704323_5478.JPEG,8449513472-8449644805
n01704323_5493.JPEG,8475159552-8475307461
n01704323_5496.JPEG,8480539648-8480704319
n01704323_55.JPEG,8536174592-8536256831
n01704323_5509.JPEG,8469176320-8469325743
n01704323_5517.JPEG,8532773888-8532890237
n01704323_5527.JPEG,8520897536-8520957589
n01704323_5538.JPEG,8441423872-8441563905
n01704323_5552.JPEG,8541987328-8542185069
n01704323_56.JPEG,8538766336-8538906909
n01704323_561.JPEG,8588200448-8588207636
n01704323_5610.JPEG,8490036736-8490171231
n01704323_5613.JPEG,8516094976-8516433087
n01704323_5618.JPEG,8466308096-8466416142
n01704323_562.JPEG,8529428992-8529447481
n01704323_5630.JPEG,8588024320-8588036020
n01704323_5717.JPEG,8560526848-8560563353
n01704323_5718.JPEG,8548301312-8548483956
n01704323_5719.JPEG,8525668864-8525708579
n01704323_5733.JPEG,8477248000-8477356117
n01704323_5764.JPEG,8435946496-8436090868
n01704323_5767.JPEG,8483652608-8483764642
n01704323_5773.JPEG,8586912768-8586924477
n01704323_5786.JPEG,8580886016-8581052231
n01704323_5829.JPEG,8489832448-8489890700
n01704323_5842.JPEG,8469326336-8469440366
n01704323_5844.JPEG,8524271104-8524346733
n01704323_5855.JPEG,8536620032-8536738591
n01704323_5868.JPEG,8588857344-8588860569
n01704323_587.JPEG,8562218496-8562340855
n01704323_5899.JPEG,8497231360-8497316042
n01704323_5919.JPEG,8553861632-8554061058
n01704323_5939.JPEG,8435295232-8435436662
n01704323_599.JPEG,8588481024-8588497119
n01704323_5994.JPEG,8442965504-8443126112
n01704323_6025.JPEG,8487457280-8487550672
n01704323_603.JPEG,8526814720-8526881777
n01704323_6038.JPEG,8463495680-8463666893
n01704323_6055.JPEG,8433795072-8433982176
n01704323_6062.JPEG,8563665920-8563741613
n01704323_6074.JPEG,8528398848-8528563150
n01704323_6087.JPEG,8580676608-8580779162
n01704323_6133.JPEG,8549566464-8549730340
n01704323_6140.JPEG,8490707456-8490899522
n01704323_6169.JPEG,8562676736-8562836590
n01704323_6176.JPEG,8560264704-8560322944
n01704323_6185.JPEG,8441564672-8441680488
n01704323_6186.JPEG,8473056256-8473182484
n01704323_6187.JPEG,8544369664-8544552952
n01704323_6224.JPEG,8562105344-8562217868
n01704323_6239.JPEG,8558018560-8558163881
n01704323_6294.JPEG,8540162048-8540333238
n01704323_6305.JPEG,8543075328-8543281498
n01704323_6315.JPEG,8448890880-8449033743
n01704323_6332.JPEG,8459207168-8459424767
n01704323_635.JPEG,8462484992-8462652666
n01704323_6376.JPEG,8588605952-8588608550
n01704323_6432.JPEG,8586608128-8586654678
n01704323_6445.JPEG,8543993856-8544171423
n01704323_6449.JPEG,8449645568-8449770367
n01704323_6471.JPEG,8480056320-8480177918
n01704323_6514.JPEG,8469441024-8469598970
n01704323_6525.JPEG,8588723200-8588726051
n01704323_6555.JPEG,8432616960-8432783723
n01704323_6570.JPEG,8485182976-8485325664
n01704323_6574.JPEG,8582175744-8582232819
n01704323_6585.JPEG,8488157696-8488206112
n01704323_6592.JPEG,8454383616-8454507506
n01704323_661.JPEG,8444097024-8444279829
n01704323_6619.JPEG,8481369088-8481527113
n01704323_6623.JPEG,8470612992-8470735269
n01704323_6658.JPEG,8435437568-8435601443
n01704323_6662.JPEG,8537438208-8537677741
n01704323_6673.JPEG,8432096768-8432147589
n01704323_668.JPEG,8588816384-8588819417
n01704323_6695.JPEG,8545529856-8545704815
n01704323_6706.JPEG,8551118848-8551272691
n01704323_6719.JPEG,8588355584-8588359330
n01704323_6730.JPEG,8467678720-8467841912
n01704323_6749.JPEG,8531703808-8531869327
n01704323_6775.JPEG,8518258688-8518333190
n01704323_6810.JPEG,8569259520-8569465275
n01704323_6822.JPEG,8457079296-8457258908
n01704323_684.JPEG,8452852736-8452991629
n01704323_6855.JPEG,8556986368-8557153554
n01704323_6860.JPEG,8496567296-8496650691
n01704323_687.JPEG,8456472576-8456622588
n01704323_6875.JPEG,8484314624-8484416679
n01704323_6903.JPEG,8497680896-8497750375
n01704323_691.JPEG,8460012544-8460169571
n01704323_6922.JPEG,8450969600-8451096842
n01704323_695.JPEG,8475929600-8476022212
n01704323_6977.JPEG,8474260992-8474343931
n01704323_7027.JPEG,8586826240-8586851569
n01704323_7038.JPEG,8580532736-8580553481
n01704323_7056.JPEG,8430814720-8430894008
n01704323_7060.JPEG,8588847616-8588850223
n01704323_7103.JPEG,8503988224-8506067250
n01704323_7153.JPEG,8457259520-8457406851
n01704323_717.JPEG,8477646848-8477749129
n01704323_7197.JPEG,8441681408-8441809189
n01704323_7239.JPEG,8588773888-8588777817
n01704323_7252.JPEG,8489280000-8489357175
n01704323_7253.JPEG,8490171904-8490362125
n01704323_73.JPEG,8528031232-8528231155
n01704323_7304.JPEG,8438989312-8439177360
n01704323_7313.JPEG,8588642816-8588645299
n01704323_7337.JPEG,8455824896-8455989163
n01704323_7342.JPEG,8585869312-8585895404
n01704323_7396.JPEG,8588673024-8588676597
n01704323_7421.JPEG,8576121856-8576274159
n01704323_7462.JPEG,8586987008-8587017382
n01704323_7478.JPEG,8484062208-8484180444
n01704323_7486.JPEG,8486181376-8486303564
n01704323_75.JPEG,8586488832-8586517915
n01704323_7514.JPEG,8489891328-8490035915
n01704323_7544.JPEG,8557154304-8557246630
n01704323_7589.JPEG,8437987328-8438191929
n01704323_7591.JPEG,8527101952-8527229143
n01704323_7626.JPEG,8447993856-8448183672
n01704323_7644.JPEG,8454508032-8454681270
n01704323_7701.JPEG,8458471936-8458642505
n01704323_7702.JPEG,8559942144-8560091446
n01704323_7715.JPEG,8577384448-8577521071
n01704323_7720.JPEG,8439178240-8439313111
n01704323_7750.JPEG,8525199872-8525367701
n01704323_7757.JPEG,8588807680-8588810877
n01704323_7760.JPEG,8489452544-8489588912
n01704323_7768.JPEG,8588345856-8588354721
n01704323_7800.JPEG,8492136448-8492307432
n01704323_7828.JPEG,8588452864-8588473311
n01704323_7831.JPEG,8535672320-8535860545
n01704323_7890.JPEG,8476022784-8476179862
n01704323_79.JPEG,8588594176-8588605320
n01704323_790.JPEG,8530120704-8530298018
n01704323_7902.JPEG,8477946368-8478045326
n01704323_7908.JPEG,8460919808-8460976181
n01704323_7909.JPEG,8480866816-8481025477
n01704323_7919.JPEG,8469599744-8469725821
n01704323_7929.JPEG,8494776320-8494851494
n01704323_7959.JPEG,8587159552-8587246398
n01704323_7977.JPEG,8546771968-8546925365
n01704323_798.JPEG,8585711104-8585801435
n01704323_7988.JPEG,8454682112-8454917653
n01704323_80.JPEG,8494085632-8494219773
n01704323_8008.JPEG,8466417152-8466548541
n01704323_8012.JPEG,8496266240-8496355114
n01704323_808.JPEG,8588634112-8588638821
n01704323_8113.JPEG,8489589760-8489713346
n01704323_8118.JPEG,8588497920-8588520040
n01704323_8134.JPEG,8587594752-8587606161
n01704323_8154.JPEG,8588726784-8588729998
n01704323_8161.JPEG,8566017024-8566125048
n01704323_8167.JPEG,8587861504-8587888507
n01704323_8187.JPEG,8551831552-8551941495
n01704323_8199.JPEG,8581314560-8581344757
n01704323_8210.JPEG,8522396672-8522570981
n01704323_8236.JPEG,8561286144-8561462122
n01704323_8258.JPEG,8559765504-8559941162
n01704323_8262.JPEG,8451097600-8451251211
n01704323_827.JPEG,8451682816-8451798362
n01704323_8277.JPEG,8462295552-8462484443
n01704323_8281.JPEG,8470735872-8470901600
n01704323_8294.JPEG,8443126784-8443268856
n01704323_8316.JPEG,8548816896-8548973084
n01704323_834.JPEG,8552801280-8552918545
n01704323_836.JPEG,8585002496-8585038673
n01704323_8364.JPEG,8471169536-8471275913
n01704323_8371.JPEG,8585039360-8585130580
n01704323_8379.JPEG,8541436416-8541674568
n01704323_8408.JPEG,8587889152-8587923878
n01704323_8419.JPEG,8460977152-8461102613
n01704323_843.JPEG,8586596864-8586607394
n01704323_8435.JPEG,8587703296-8587710016
n01704323_8463.JPEG,8522357760-8522395924
n01704323_8464.JPEG,8539545088-8539685169
n01704323_8475.JPEG,8428846080-8428976142
n01704323_8508.JPEG,8466549248-8466709483
n01704323_8519.JPEG,8439664640-8439722287
n01704323_8559.JPEG,8588761088-8588764004
n01704323_8560.JPEG,8585984512-8586013518
n01704323_8600.JPEG,8444490240-8444673790
n01704323_861.JPEG,8521297408-8521477409
n01704323_8641.JPEG,8581345280-8581377446
n01704323_8643.JPEG,8573729792-8573873626
n01704323_8648.JPEG,8588885504-8588886828
n01704323_8676.JPEG,8544553472-8544742917
n01704323_8691.JPEG,8587103744-8587125186
n01704323_8698.JPEG,8584506880-8584634354
n01704323_8700.JPEG,8577521664-8577661271
n01704323_871.JPEG,8588235776-8588245101
n01704323_8717.JPEG,8478257664-8478431637
n01704323_8723.JPEG,8588811776-8588815490
n01704323_873.JPEG,8515167744-8515487434
n01704323_875.JPEG,8573394944-8573499186
n01704323_8767.JPEG,8556522496-8556668872
n01704323_8773.JPEG,8484180992-8484313941
n01704323_878.JPEG,8468238848-8468364215
n01704323_8794.JPEG,8549907456-8550051353
n01704323_8800.JPEG,8587373056-8587383652
n01704323_8828.JPEG,8560863744-8560978233
n01704323_8847.JPEG,8587018240-8587078007
n01704323_8858.JPEG,8539685888-8539823832
n01704323_8869.JPEG,8547164160-8547361564
n01704323_8903.JPEG,8559284736-8559510834
n01704323_8909.JPEG,8588683264-8588686648
n01704323_8921.JPEG,8522801152-8522869100
n01704323_8938.JPEG,8523214848-8523307351
n01704323_8953.JPEG,8584714240-8584747551
n01704323_8973.JPEG,8570189824-8570334156
n01704323_9012.JPEG,8576274944-8576387210
n01704323_9016.JPEG,8530060800-8530119709
n01704323_9029.JPEG,8436266496-8436433385
n01704323_9034.JPEG,8429974016-8430162200
n01704323_9036.JPEG,8495067136-8495225112
n01704323_9042.JPEG,8486381568-8486533960
n01704323_906.JPEG,8527932928-8527967107
n01704323_9090.JPEG,8469726720-8469860684
n01704323_9112.JPEG,8483015168-8483104764
n01704323_9210.JPEG,8473643008-8473884716
n01704323_9216.JPEG,8493177856-8493304583
n01704323_9233.JPEG,8526673920-8526714157
n01704323_9257.JPEG,8558611968-8558722890
n01704323_9275.JPEG,8586780672-8586789657
n01704323_929.JPEG,8585314304-8585343561
n01704323_9292.JPEG,8588878848-8588881400
n01704323_9326.JPEG,8433982976-8434210350
n01704323_936.JPEG,8521937408-8521981804
n01704323_9368.JPEG,8444674560-8444771241
n01704323_9412.JPEG,8461478400-8461641371
n01704323_9448.JPEG,8434735104-8434836708
n01704323_9484.JPEG,8524456960-8524483172
n01704323_949.JPEG,8491199488-8491402408
n01704323_9514.JPEG,8527229952-8527289026
n01704323_9527.JPEG,8587694592-8587702714
n01704323_9535.JPEG,8451252224-8451387387
n01704323_9539.JPEG,8588533248-8588546879
n01704323_9547.JPEG,8582273536-8582292564
n01704323_9562.JPEG,8516433920-8516491152
n01704323_9572.JPEG,8470902272-8471058811
n01704323_9588.JPEG,8432238080-8432324974
n01704323_960.JPEG,8575286784-8575414094
n01704323_9605.JPEG,8584222720-8584253231
n01704323_9606.JPEG,8548974080-8549131791
n01704323_9616.JPEG,8459544064-8459705064
n01704323_9617.JPEG,8554061824-8554249866
n01704323_9621.JPEG,8535977472-8536173821
n01704323_9669.JPEG,8588621824-8588625337
n01704323_9678.JPEG,8555107840-8555241631
n01704323_9718.JPEG,8529191936-8529247924
n01704323_9727.JPEG,8479339008-8479445808
n01704323_9749.JPEG,8547362304-8547490937
n01704323_9751.JPEG,8586713088-8586732572
n01704323_9752.JPEG,8475665920-8475776389
n01704323_9759.JPEG,8522896896-8523025638
n01704323_9771.JPEG,8477749760-8477864753
n01704323_9823.JPEG,8583017472-8583045548
n01704323_9828.JPEG,8459705856-8459866118
n01704323_9846.JPEG,8532010496-8532133809
n01704323_9888.JPEG,8444771840-8444906062
n01704323_989.JPEG,8526070784-8526120897
n01704323_9904.JPEG,8447172096-8447297830
n01704323_9916.JPEG,8528563712-8528720693
n01704323_994.JPEG,8517882368-8517963680
n01704323_9953.JPEG,8586174976-8586211676
n01704323_9955.JPEG,8555242496-8555370482
n01704323_9977.JPEG,8557247488-8557381371
n01704323_9984.JPEG,8562837504-8562936650
n01704323_9986.JPEG,8513072640-8513855432
n01704323_999.JPEG,8445792256-8445961468
n01704323_9990.JPEG,8442087936-8442256060
